Question,Answer,Memo,FB,Contributor,WhoAnswers,FBer,Genre,AnswerReq,FBReq
今までのご経験を交えながら、自己PRをしてください。,,,,AnonymousUser,,,classic,,
あなたのキャリアプランについて教えてください。,,,,AnonymousUser,,,classic,,
弊社の理念やビジョンをどう思われますか？,,,,AnonymousUser,,,classic,,
気になる最近のニュースは何ですか？,,,,AnonymousUser,,,classic,,
ほかに受けている企業はありますか？,,,,AnonymousUser,,,classic,,
気になる最近のニュースは何ですか？,御社と同業の〇〇社が週4日勤務を来年度からスタートするというニュースです。リモートワークが進む中、社内SEとして社員の生産性を上げるためのツール導入などは今後、より一層、質とスピードを重視したものが求められていくと感じています。,,,,AnonymousUser,,,,
ほかに受けている企業はありますか？,ほかに他受けている企業はありますが、御社を第一志望としておりますので、御社からの内定が出た際は優先させていただきます。,,,,AnonymousUser,,,,
弊社の理念やビジョンをどう思われますか？,私は御社の「食を通じて生活を豊かに」という理念に賛同します。食は生きることと切っても切れない関係にあり、人生の豊かさに深く影響していると思います。食を重視することでお客さまを大切にするという姿勢が、商品やカスタマーサービスの柔軟性に表れていてとても魅力的だと感じました。私もお客さまの人生に寄り添える食の提供を目指して、尽力したいと思います,,,,AnonymousUser,,,,
あなたのキャリアプランについて教えてください。,まずは、個人で目標達成できるように、業界や顧客の知見をインプットして精進していきたいです。ゆくゆくは、営業部の中心的な役割を担い、個人だけでなく、部署全体・事業全体での成果を効率的に上げていけるようマネジメントにも挑戦していきたいです。,,,,AnonymousUser,,,,
今までのご経験を交えながら、自己PRをしてください。,A. 私の強みは、問題に対して何度も試行錯誤し、必ず解決に導く根気強さです。前職の営業職では、低迷していた部署全体の売り上げを上げるべく、個人単位での努力を積み重ねてまいりました。結果として、営業成績トップになったことに加え、同僚の指導にも従事し、部署全体の売り上げを前年比150％以上に引き上げることができました。,,,,AnonymousUser,,,,
今までのご経験を交えながら、自己PRをしてください。,A. 私の強みは、問題に対して何度も試行錯誤し、必ず解決に導く根気強さです。前職の営業職では、低迷していた部署全体の売り上げを上げるべく、個人単位での努力を積み重ねてまいりました。結果として、営業成績トップになったことに加え、同僚の指導にも従事し、部署全体の売り上げを前年比150％以上に引き上げることができました。,,1〜3分ほどでまとめる緊張しているとたくさん話してしまいがちですが、簡単な自己紹介を数分で伝えられるように練習しておきましょう。簡単な職務内容を紹介する場合と、経歴や実績を交えた場合などいくつかパターンを用意しておくとどのような聞かれ方をしても安心です。,,,AnonymousUser,,,
1日でも早く独り立ちをして活躍したいと考えていますが、入社後はどの程度の期間・どのような流れで、実際の業務に携わるのでしょうか？,,,,AnonymousUser,,,reverse,,
転職した方は、だいたいどの程度の期間で最初の成果を出していますか？,,,,AnonymousUser,,,reverse,,
御社の◯◯という理念に共感したのですが、その実践のために取り組んでいることを教えてください,,,,AnonymousUser,,,reverse,,
御社に入社する上で、これだけは覚悟しておいてほしいというポイントがあれば教えてください,,,,AnonymousUser,,,reverse,,
将来的にはリーダーやマネージャーとして活躍したいと考えています。私と同年代で御社に転職し、役職についている人はいますか？,,,,AnonymousUser,,,reverse,,
御社でリーダーやマネージャーとして昇進していくために、どのような能力が求められますか？,,,,AnonymousUser,,,reverse,,
リーダーやマネージャーなどの責任あるポジションを目指していきたいと考えていますが、御社ではどのような評価制度・昇進制度を取っているのでしょうか？,,,,AnonymousUser,,,reverse,,
御社で勤務する方々と協力して仕事に取り組んでいきたいと考えています。そのためにも、現場で大切にしている考えがあれば教えてください,,,,AnonymousUser,,,reverse,,
御社で活躍している人に、何か共通点はありますか？,,,,AnonymousUser,,,reverse,,
御社に入社して、いち早く活躍したいと考えています。そのためにも、入社までに何か準備しておいたほうがいいこと、勉強しておいたほうがいいことなどはありますか？,,,,AnonymousUser,,,reverse,,
◯◯の資格を持っているのですが、御社の仕事で活かすことはできますか？,,,,AnonymousUser,,,reverse,,
◯◯を得意としてきましたが、募集されている◯◯職ではどのような能力が求められるでしょうか？,,,,AnonymousUser,,,reverse,,
部活で培った粘り強さは、前職でさらに磨かれたと思います。この粘り強さを御社の業務で発揮できる機会はありますか？,,,,AnonymousUser,,,reverse,,
◯◯に頑張ってきましたが、御社で活躍するために、さらに努力すべき点はありますでしょうか？,,,,AnonymousUser,,,reverse,,
前職では目標は絶対に達成したいという思いで、毎月必ずノルマを達成していました。御社ではどのようにノルマを設定しているのでしょうか？,,,,AnonymousUser,,,reverse,,
自分の意見はしっかりと口に出す性格ですが、主体的に意見をすることが許される環境でしょうか？,,,,AnonymousUser,,,reverse,,
良く竹を割った性格と言われます。疑問点があれば上司の方や先輩方に遠慮なく質問させていただける環境はありますか？,,,,AnonymousUser,,,reverse,,
私はまわりの方と交流するのが好きなので、他部門の方とも良い関係性を築いていきたいと考えています。御社では、そういった部門をこえて交流を図る社風はありますでしょうか？,,,,AnonymousUser,,,reverse,,
前職ではチームのリーダーを任され、メンバーのモチベーションを高めるために◯◯のような取り組みを行なっていました。御社でマネジメントを行なう立場の方々はどのような取り組みを行なわれていますか？,,,,AnonymousUser,,,reverse,,
前職では年1回社内で表彰があり、毎年名前を呼ばれることがモチベーションアップにつながっていました。御社には、社員を表彰する制度はありますでしょうか？,,,,AnonymousUser,,,reverse,,
あなたの長所は何ですか,,,,AnonymousUser,,,classic,,
学生時代に最もうちこんだことは何ですか？,,,,AnonymousUser,,,classic,,
自分の短所を教えてください,,,,AnonymousUser,,,classic,,
第一志望ですか？,,,,AnonymousUser,,,classic,,
挫折・失敗体験について教えてください,,,,AnonymousUser,,,,,
就活の軸は何ですか？,,,,AnonymousUser,,,classic,,
入社後にやりたい仕事は？,,,,AnonymousUser,,,classic,,
志望動機を教えてください。,,,,AnonymousUser,,,classic,,
志望動機を教えてください。,弊社に入りたいと思ったからです。,正直に伝えたかった。,,,AnonymousUser,,,,
志望動機を教えてください。,弊社に入りたいと思ったからです。,正直に伝えたかった。,正直で良いと思った。,,,AnonymousUser,,,
当社を希望した理由を教えてください。,,,,R.K,,,classic,R.K,
当社を希望した理由を教えてください。,運命を感じました。,"見た瞬間に ""ビビッと"" きた。",,,R.K,,,,R.K
当社を希望した理由を教えてください。,運命を感じました。,"見た瞬間に ""ビビッと"" きた。",そういうの大事です。,,,R.K,,,
志望動機を教えてください。,,,,AnonymousUser,,,classic,,
志望動機を教えてください。,弊社に入りたいと思ったからです。,正直に伝えたかった。,,,AnonymousUser,,,,
志望動機を教えてください。,弊社に入りたいと思ったからです。,正直に伝えたかった。,正直で良いと思った。,,,AnonymousUser,,,
当社を希望した理由を教えてください。,,,,R.K,,,classic,R.K,
当社を希望した理由を教えてください。,運命を感じました。,"見た瞬間に ""ビビッと"" きた。",,,R.K,,,,R.K
当社を希望した理由を教えてください。,運命を感じました。,"見た瞬間に ""ビビッと"" きた。",そういうの大事です。,,,R.K,,,
,What's the weather like?,,,,R.K,,,,
弊社の理念やビジョンをどう思われますか？,What's the weather like?,,,,R.K,,,,
入社後にやりたい仕事は？,What's the weather like?,,,,R.K,,,,
御社に入社する上で、これだけは覚悟しておいてほしいというポイントがあれば教えてください,What's the weather like?,,,,R.K,,,,
御社に入社する上で、これだけは覚悟しておいてほしいというポイントがあれば教えてください,What's the weather like?,,,,R.K,,,,
御社に入社する上で、これだけは覚悟しておいてほしいというポイントがあれば教えてください,What's the weather like?,,,,R.K,,,,
御社で勤務する方々と協力して仕事に取り組んでいきたいと考えています。そのためにも、現場で大切にしている考えがあれば教えてください,What's the weather like?,,,,R.K,,,,
部活で培った粘り強さは、前職でさらに磨かれたと思います。この粘り強さを御社の業務で発揮できる機会はありますか？,What's the weather like?,,,,R.K,,,,
部活で培った粘り強さは、前職でさらに磨かれたと思います。この粘り強さを御社の業務で発揮できる機会はありますか？,What's the weather like?,,,,R.K,,,,
部活で培った粘り強さは、前職でさらに磨かれたと思います。この粘り強さを御社の業務で発揮できる機会はありますか？,What's the weather like?,,,,R.K,,,,
今までのご経験を交えながら、自己PRをしてください。,What's the weather like?,,,,R.K,,,,
今までのご経験を交えながら、自己PRをしてください。,What's the weather like?,,,,R.K,,,,
今までのご経験を交えながら、自己PRをしてください。,What's the weather like?,,,,R.K,,,,
学生時代に最もうちこんだことは何ですか？,What's the weather like?,,,,R.K,,,,
前職では年1回社内で表彰があり、毎年名前を呼ばれることがモチベーションアップにつながっていました。御社には、社員を表彰する制度はありますでしょうか？,What's the weather like?,,,,R.K,,,,
